predict,False,True
False,0.990344702350782,0.009655297649218
True,0.3470096597397583,0.6529903402602417
True,0.0084358290062976,0.9915641709937024
True,0.4341828796597047,0.5658171203402953
True,0.2680465105081421,0.7319534894918579
True,0.0230029303773942,0.9769970696226058
True,0.4039995178069065,0.5960004821930934
True,0.3961060459967495,0.6038939540032505
True,0.1347525669555797,0.8652474330444203
False,0.99838795695089,0.0016120430491098
True,0.400787797956549,0.5992122020434509
True,0.0645110916369264,0.9354889083630736
True,0.4195566487773762,0.5804433512226238
False,0.8991277926017149,0.100872207398285
False,0.8624312855692408,0.1375687144307592
True,0.4078302060964004,0.5921697939035996
True,0.3842458145494314,0.6157541854505686
True,0.0973410090578069,0.902658990942193
True,0.4081095401740591,0.5918904598259409
True,0.3381678008250532,0.6618321991749467
True,0.4066379037972797,0.5933620962027203
True,0.1983111255403901,0.8016888744596099
False,0.857996227437827,0.1420037725621729
False,0.909978747166839,0.090021252833161
False,0.8720072433714874,0.1279927566285126
True,0.4473989088118725,0.5526010911881275
False,0.9663759113783996,0.0336240886216004
False,0.9612832332640752,0.0387167667359247
False,0.9996002466348396,0.00039975336516041496
True,0.5913956361516712,0.4086043638483287
False,0.9185201119003557,0.0814798880996443
False,0.9323448966343604,0.0676551033656395
False,0.7763375832594437,0.2236624167405562
True,0.3196473940920957,0.6803526059079043
True,0.4086618992126676,0.5913381007873324
True,0.0108974506075952,0.9891025493924048
False,0.7670609454645283,0.2329390545354717
True,0.3266403766004626,0.6733596233995374
True,0.1175673852453921,0.8824326147546079
True,0.007429835055764,0.992570164944236
False,0.9172607894321428,0.0827392105678573
False,0.9996816633127864,0.00031833668721373623
True,0.0114658322425956,0.9885341677574044
False,0.9032013371486772,0.0967986628513227
True,0.1204209429605405,0.8795790570394595
True,0.3807892501231704,0.6192107498768296
True,0.4482242552691089,0.5517757447308911
True,0.0277383881135062,0.9722616118864936
True,0.5196618484085196,0.4803381515914804
False,0.8862680555263688,0.1137319444736312
False,0.7784446102006513,0.2215553897993487
False,0.9060872059106758,0.0939127940893241
True,0.0070614351397747,0.9929385648602252
True,0.4817604180456245,0.5182395819543755
True,0.0462115749058285,0.9537884250941716
True,0.0216056745332413,0.9783943254667586
True,0.0445636591066018,0.955436340893398
True,0.0082760984449902,0.9917239015550098
False,0.8464674511404939,0.1535325488595061
True,0.1981360860286903,0.8018639139713096
False,0.7445367051982539,0.2554632948017462
False,0.8054184871764001,0.1945815128235999
True,0.164850966280348,0.835149033719652
False,0.9058264793898352,0.0941735206101646
True,0.1682387350648894,0.8317612649351106
True,0.2000056979309116,0.7999943020690884
True,0.037081540991631,0.9629184590083688
False,0.9910974136783466,0.0089025863216534
True,0.4025389418234781,0.5974610581765218
False,0.8164931678702305,0.1835068321297694
True,0.006914373059623,0.9930856269403768
False,0.9618314560128948,0.0381685439871051
True,0.4373324495832057,0.5626675504167943
False,0.7704903123634707,0.2295096876365293
True,0.106788673199785,0.893211326800215
True,0.0058999399548445,0.9941000600451556
True,0.0427908856527839,0.957209114347216
False,0.6712648210731427,0.3287351789268574
True,0.0521896480163699,0.94781035198363
True,0.1732764446619696,0.8267235553380303
True,0.0857962184841838,0.9142037815158162
False,0.8481844212746388,0.1518155787253611
False,0.96599383424448,0.0340061657555199
True,0.3130537660332168,0.6869462339667832
False,0.6981632294835121,0.301836770516488
True,0.5206292096733018,0.4793707903266981
True,0.009133997841048,0.990866002158952
True,0.556161335976727,0.4438386640232729
True,0.4092974365871183,0.5907025634128816
False,0.672618096201522,0.327381903798478
False,0.9426126616448915,0.0573873383551084
True,0.4725825693141373,0.5274174306858627
True,0.4278230389260696,0.5721769610739303
False,0.938723337569096,0.0612766624309041
True,0.4315846206131937,0.5684153793868063
False,0.8049624529818379,0.1950375470181621
False,0.803174674700533,0.1968253252994669
False,0.9966056395559708,0.0033943604440293
True,0.0080940803221601,0.9919059196778398
True,0.3634862541769859,0.6365137458230141
True,0.1126607233287596,0.8873392766712404
True,0.0537680890990405,0.9462319109009596
True,0.0635665536698548,0.9364334463301452
False,0.9225192810064964,0.0774807189935036
False,0.9288439917520062,0.0711560082479938
False,0.9988879928588662,0.0011120071411337
False,0.881146258548382,0.1188537414516179
True,0.0561762137863101,0.94382378621369
True,0.4959464419089409,0.5040535580910591
True,0.0359603527291619,0.964039647270838
True,0.4557155253986783,0.5442844746013217
True,0.0105721889639573,0.9894278110360426
True,0.0410694190928285,0.9589305809071714
True,0.4833513384499739,0.5166486615500261
False,0.7653146575666822,0.2346853424333178
False,0.715534809712086,0.2844651902879139
True,0.0193649458551135,0.9806350541448864
True,0.4042835825079199,0.59571641749208
False,0.6213710873539087,0.3786289126460913
True,0.2718868238763254,0.7281131761236745
False,0.7546053229488949,0.245394677051105
True,0.2682316310292059,0.7317683689707941
True,0.4782448099765508,0.5217551900234492
True,0.4389157412058243,0.5610842587941757
True,0.4729604116570265,0.5270395883429735
True,0.4553579949668553,0.5446420050331446
False,0.8078765493958043,0.1921234506041956
True,0.0255023806632586,0.9744976193367414
False,0.8989955295987967,0.1010044704012033
True,0.0317383559413634,0.9682616440586366
True,0.1743372177291188,0.8256627822708812
False,0.9525605805925104,0.0474394194074896
True,0.3539929166405868,0.6460070833594131
False,0.8793454839320651,0.1206545160679348
False,0.9057540730403671,0.0942459269596327
True,0.4915051584511761,0.5084948415488239
False,0.8059356810258018,0.1940643189741982
True,0.0578352306745584,0.9421647693254416
True,0.0070202978191021,0.9929797021808978
True,0.4260177944744436,0.5739822055255563
True,0.0522327791496868,0.9477672208503132
True,0.4142410240089368,0.5857589759910632
False,0.9312775380919396,0.0687224619080604
True,0.4495116510365077,0.5504883489634923
True,0.3945532896929262,0.6054467103070738
True,0.5945878839396882,0.4054121160603118
False,0.9995295139777798,0.0004704860222202638
True,0.0007246490145188522,0.9992753509854811
False,0.915812670791571,0.0841873292084289
False,0.9995897464289628,0.0004102535710372865
True,0.2217277997115959,0.778272200288404
True,0.0591077852739418,0.940892214726058
False,0.893326591073513,0.106673408926487
True,0.0394851308212342,0.9605148691787656
False,0.8557834157467193,0.1442165842532806
True,0.0323792744931883,0.9676207255068116
True,0.3732111825572938,0.6267888174427062
False,0.7391093571661704,0.2608906428338296
True,0.4108601407524151,0.5891398592475848
True,0.0616212352176207,0.9383787647823792
False,0.9992201953887055,0.0007798046112943689
False,0.8320788746073273,0.1679211253926726
False,0.8952412598173856,0.1047587401826144
False,0.9252304122788302,0.0747695877211697
True,0.1029823855409743,0.8970176144590256
True,0.06105106320186,0.93894893679814
False,0.8933677453289829,0.1066322546710171
False,0.8113158353411384,0.1886841646588616
True,0.0315510673339911,0.9684489326660088
False,0.6371543977908951,0.3628456022091048
True,0.0419312845921944,0.9580687154078056
True,0.4917074357721132,0.5082925642278868
False,0.9995001966214122,0.0004998033785878158
True,0.2635135186221847,0.7364864813778152
True,0.479710824815039,0.520289175184961
True,0.4837357293896973,0.5162642706103027
True,0.3183838019682992,0.6816161980317008
True,0.1019032025229702,0.8980967974770298
False,0.9652669095345202,0.0347330904654798
False,0.9128892546075016,0.0871107453924984
True,0.400163142790308,0.5998368572096919
True,0.4811692322404869,0.5188307677595131
True,0.4556563227813414,0.5443436772186586
True,0.5291548643991426,0.4708451356008574
False,0.9627697204038612,0.0372302795961388
False,0.8602796436418094,0.1397203563581906
False,0.8340919672626256,0.1659080327373744
False,0.7066388421814385,0.2933611578185616
True,0.3419654214586409,0.658034578541359
False,0.999443449889174,0.0005565501108261222
True,0.3674834834354994,0.6325165165645006
False,0.9994780957307964,0.0005219042692034682
True,0.3746110220334321,0.6253889779665679
False,0.9350475896244764,0.0649524103755234
False,0.80362297387469,0.19637702612531
False,0.9140592785657332,0.0859407214342667
False,0.9991424481034278,0.0008575518965721768
False,0.7677469789998419,0.2322530210001581
False,0.9158998590042614,0.0841001409957385
True,0.1845183371926655,0.8154816628073345
False,0.8975917299961477,0.1024082700038523
True,0.6116689005277949,0.3883310994722051
True,0.2560148347218745,0.7439851652781255
False,0.8986367180432676,0.1013632819567324
True,0.3625066234283287,0.6374933765716713
False,0.8682951150312529,0.1317048849687471
True,0.5558740859666211,0.4441259140333789
True,0.0825798648992863,0.9174201351007136
False,0.7652086790742489,0.234791320925751
False,0.7956459132933802,0.2043540867066198
True,0.2005151320749665,0.7994848679250335
False,0.8875469192817872,0.1124530807182127
True,0.28655794948544,0.71344205051456
True,0.2762385859498701,0.7237614140501298
True,0.4357760125303004,0.5642239874696996
False,0.9995518019794324,0.00044819802056748047
False,0.8552229440400685,0.1447770559599315
True,0.4337617611301799,0.56623823886982
False,0.8308066002346399,0.1691933997653601
False,0.7667820854730782,0.2332179145269217
False,0.9509787230315616,0.0490212769684384
False,0.9010612173900916,0.0989387826099084
False,0.8293208208833998,0.1706791791166002
False,0.8753126636286137,0.1246873363713863
True,0.1946786951897441,0.8053213048102559
True,0.2174719595645785,0.7825280404354215
True,0.4756429143481583,0.5243570856518417
True,0.4078187335738246,0.5921812664261754
False,0.93830633596541,0.0616936640345899
False,0.890671833380272,0.1093281666197279
True,0.3964825128811344,0.6035174871188655
True,0.3983966230724672,0.6016033769275327
True,0.3694580161786021,0.6305419838213979
False,0.8977259962643188,0.1022740037356811
True,0.4714584095331555,0.5285415904668445
True,0.4870331314760997,0.5129668685239003
True,0.5872152106901701,0.4127847893098298
False,0.9417442984337846,0.0582557015662153
True,0.4405048152116708,0.5594951847883292
False,0.778081158424028,0.221918841575972
True,0.371061785092069,0.628938214907931
False,0.7797670243515311,0.2202329756484688
False,0.926214091739188,0.073785908260812
False,0.8331450169133183,0.1668549830866817
True,0.3784836780992815,0.6215163219007185
True,0.3916659763833973,0.6083340236166027
False,0.9106367282084096,0.0893632717915903
True,0.5555351815427154,0.4444648184572846
True,0.1432999084012459,0.856700091598754
False,0.8742312660427294,0.1257687339572706
False,0.9805419175474818,0.0194580824525182
False,0.7598680275364458,0.2401319724635542
False,0.976576338335996,0.0234236616640038
True,0.3248421823297703,0.6751578176702296
True,0.4881692738030976,0.5118307261969024
False,0.9624781125306224,0.0375218874693774
False,0.9175597127310496,0.0824402872689504
False,0.9459254158672012,0.0540745841327988
True,0.4553630084606028,0.5446369915393972
True,0.0130716882600367,0.9869283117399632
True,0.0082499820821927,0.9917500179178071
True,0.428511372309197,0.571488627690803
True,0.0696545508991556,0.9303454491008444
False,0.9308877191821308,0.0691122808178692
False,0.8706351804623058,0.1293648195376942
True,0.4828466163758914,0.5171533836241086
True,0.0405658096715895,0.9594341903284104
True,0.5414877549082491,0.4585122450917508
True,0.2205574010534693,0.7794425989465307
False,0.9333943391163934,0.0666056608836066
False,0.9049266024653984,0.0950733975346015
False,0.8811866247968747,0.1188133752031253
True,0.4595424991025604,0.5404575008974396
False,0.9631019014068984,0.0368980985931016
True,0.4435436075184155,0.5564563924815845
False,0.9003293846369498,0.0996706153630501
False,0.999484858675651,0.0005151413243490273
True,0.0119188276155471,0.9880811723844528
False,0.8743234461166173,0.1256765538833827
False,0.909275939660088,0.0907240603399119
True,0.0400853685978417,0.9599146314021584
True,0.5159805001110283,0.4840194998889717
True,0.3955331505770053,0.6044668494229947
True,0.0409083531973957,0.9590916468026044
False,0.9927223451550892,0.0072776548449109
True,0.1545555938003038,0.8454444061996962
True,0.2250264387087046,0.7749735612912954
True,0.5033504764269043,0.4966495235730956
True,0.3970944693782371,0.6029055306217629
False,0.6928395112626607,0.3071604887373392
True,0.49442464976698,0.50557535023302
False,0.9239838534210918,0.0760161465789082
True,0.4152814179539427,0.5847185820460573
False,0.9890619409643516,0.0109380590356484
True,0.4291729335944995,0.5708270664055005
True,0.437818459679283,0.562181540320717
False,0.9028330911589912,0.0971669088410089
True,0.0663581530418506,0.9336418469581492
True,0.1806246724023142,0.8193753275976857
True,0.0581929439687084,0.9418070560312916
True,0.6013613195177001,0.3986386804822999
True,0.0105473967919355,0.9894526032080644
False,0.9116650048401688,0.0883349951598311
False,0.912697819837172,0.0873021801628278
False,0.906517702294532,0.093482297705468
True,0.3926732290732786,0.6073267709267214
False,0.9994552298326984,0.0005447701673016612
True,0.1237954386096535,0.8762045613903464
False,0.7023651793999333,0.2976348206000667
False,0.8617371716571289,0.138262828342871
False,0.9918021121407304,0.0081978878592696
True,0.0538835756339634,0.9461164243660366
False,0.99047727050055,0.00952272949945
False,0.9915815528702254,0.0084184471297745
False,0.919606429326717,0.080393570673283
True,0.313782182127198,0.686217817872802
False,0.8211256252993356,0.1788743747006643
True,0.4913696686024302,0.5086303313975697
True,0.3845319567513658,0.6154680432486341
False,0.9238353773010112,0.0761646226989886
False,0.8167050284480499,0.18329497155195
True,0.3881592838348034,0.6118407161651965
False,0.9045379693120038,0.0954620306879961
False,0.8173723633326434,0.1826276366673566
False,0.911459098035763,0.088540901964237
True,0.1104901776002829,0.8895098223997171
False,0.8728933690575633,0.1271066309424367
False,0.6722836060287241,0.3277163939712759
True,0.1930444120784823,0.8069555879215177
True,0.1930359044879586,0.8069640955120414
True,0.557595587128222,0.442404412871778
True,0.4125711029822216,0.5874288970177783
True,0.0088495779629571,0.9911504220370428
False,0.9589431060850436,0.0410568939149564
False,0.894984520062487,0.105015479937513
False,0.9099180387258262,0.0900819612741738
False,0.9908900606238956,0.0091099393761044
True,0.0112943767097406,0.9887056232902594
True,0.0061329989112371,0.9938670010887628
False,0.7991734510883892,0.2008265489116108
True,0.0073390205595539,0.992660979440446
True,0.0114877487286783,0.9885122512713216
True,0.1145226362016393,0.8854773637983606
False,0.7979058674895576,0.2020941325104424
True,0.0058185602053422,0.9941814397946578
False,0.8526077511089798,0.1473922488910202
False,0.8421722683418839,0.1578277316581161
False,0.8893751275956963,0.1106248724043038
True,0.5583869693331024,0.4416130306668976
True,0.2172892728744782,0.7827107271255218
True,0.2038893050432639,0.796110694956736
True,0.0376979752895343,0.9623020247104656
True,0.0284743779520251,0.9715256220479748
True,0.0073103472890577,0.9926896527109422
False,0.8551690231309441,0.1448309768690558
False,0.8973939065235541,0.1026060934764459
True,0.3682191616285787,0.6317808383714213
False,0.6330680558807851,0.3669319441192149
False,0.878217337793361,0.121782662206639
False,0.9014595645280138,0.0985404354719862
True,0.1922635439602584,0.8077364560397415
False,0.998957203157383,0.0010427968426169
False,0.7130455885904564,0.2869544114095436
False,0.6215201911339432,0.3784798088660568
True,0.4139472634869013,0.5860527365130986
True,0.4596914711357061,0.5403085288642939
True,0.0590774976733819,0.940922502326618
False,0.6890457333940863,0.3109542666059138
True,0.3891768070339204,0.6108231929660796
True,0.4663728498993419,0.5336271501006581
True,0.0975351469201161,0.902464853079884
False,0.8793219223226514,0.1206780776773486
True,0.3967721329637186,0.6032278670362814
False,0.9443798559125168,0.0556201440874833
False,0.885679982705589,0.1143200172944109
False,0.8591771071150512,0.1408228928849487
True,0.4853518099976224,0.5146481900023776
True,0.5045458679404332,0.4954541320595668
True,0.2203636526707532,0.7796363473292468
True,0.4533744218630388,0.5466255781369612
True,0.0069751673097145,0.9930248326902854
True,0.483956382263766,0.516043617736234
True,0.4396805061816977,0.5603194938183023
False,0.8170739659816552,0.1829260340183448
False,0.9262909388834148,0.0737090611165852
True,0.3889288194923419,0.6110711805076581
False,0.7992557431129894,0.2007442568870105
True,0.0112461302211731,0.9887538697788268
False,0.9803573202592945,0.0196426797407055
True,0.1894717844695497,0.8105282155304503
True,0.0648824362382888,0.9351175637617112
False,0.6549793838478516,0.3450206161521484
True,0.4312154946587025,0.5687845053412974
True,0.219672091272023,0.780327908727977
False,0.8051177396646083,0.1948822603353917
True,0.4429276562541807,0.5570723437458193
True,0.061086033301349,0.9389139666986508
False,0.7976232408502426,0.2023767591497574
True,0.1050602289676294,0.8949397710323705
True,0.4158373439895771,0.5841626560104228
True,0.4830429858363294,0.5169570141636706
True,0.5333022655451978,0.4666977344548023
True,0.4896317822600934,0.5103682177399066
True,0.3989217957991249,0.6010782042008751
True,0.3616918272419333,0.6383081727580667
False,0.903115292107492,0.0968847078925081
True,0.0779667267753146,0.9220332732246852
True,0.481358408304146,0.518641591695854
False,0.9035511218087316,0.0964488781912684
False,0.9978999139774556,0.0021000860225442
False,0.998973408262776,0.0010265917372238
True,0.0081844641846857,0.9918155358153142
True,0.0122715032461442,0.9877284967538558
False,0.8243098650303194,0.1756901349696805
False,0.8638220926450786,0.1361779073549214
True,0.461953267765644,0.538046732234356
False,0.7969520034849744,0.2030479965150256
True,0.4285303576671444,0.5714696423328556
True,0.3773166082323346,0.6226833917676654
False,0.9473833147851974,0.0526166852148026
False,0.6788564373384605,0.3211435626615395
True,0.0334838658330499,0.96651613416695
True,0.1368314116969229,0.8631685883030771
True,0.0522642072410494,0.9477357927589506
True,0.3500838037669654,0.6499161962330345
False,0.8974753707563481,0.1025246292436519
True,0.102804633744895,0.897195366255105
True,0.2808265694565354,0.7191734305434646
True,0.4234332006143105,0.5765667993856894
True,0.2138244942777386,0.7861755057222614
True,0.3197742093823341,0.6802257906176659
True,0.0672875517202012,0.9327124482797988
True,0.5586996239148752,0.4413003760851248
False,0.9629386968052734,0.0370613031947265
True,0.4649751726493121,0.5350248273506879
False,0.770403993725777,0.229596006274223
False,0.9979768100442704,0.0020231899557297
False,0.969880700999252,0.030119299000748
True,0.4846367449501633,0.5153632550498367
False,0.8113454330894309,0.1886545669105691
True,0.4368199595906965,0.5631800404093035
False,0.8657762194931455,0.1342237805068545
True,0.4402343506826482,0.5597656493173517
True,0.4272171944877998,0.5727828055122002
True,0.1730981081701786,0.8269018918298213
True,0.2591342442531491,0.7408657557468509
False,0.8224036912307602,0.1775963087692398
True,0.3202138252492709,0.6797861747507291
True,0.3692474868400897,0.6307525131599103
True,0.4350283201118505,0.5649716798881494
False,0.7597941899126955,0.2402058100873044
True,0.4914066231071509,0.5085933768928491
True,0.0626781130734864,0.9373218869265136
True,0.4626768760495174,0.5373231239504825
True,0.0104447237309205,0.9895552762690796
True,0.1055684803640502,0.8944315196359498
False,0.926953963414492,0.0730460365855079
True,0.1170216814301199,0.8829783185698801
True,0.3706988169939044,0.6293011830060956
True,0.0052120465179448,0.9947879534820552
False,0.7540689119336611,0.2459310880663389
False,0.9522497244117916,0.0477502755882084
False,0.7804430778632411,0.2195569221367589
False,0.9993881925123512,0.0006118074876487152
False,0.9962367908425936,0.0037632091574063
False,0.8838254956830469,0.116174504316953
False,0.8376861164101638,0.1623138835898362
True,0.00017076272129645798,0.9998292372787037
True,0.4028965989591313,0.5971034010408687
True,0.3927040847603261,0.6072959152396739
False,0.7289377516710603,0.2710622483289396
True,0.4032458199735756,0.5967541800264243
True,0.0653731225411006,0.9346268774588994
True,0.5043297845973016,0.4956702154026983
False,0.9961809844630511,0.0038190155369487
False,0.8174736300569823,0.1825263699430177
True,0.0080301930356991,0.9919698069643008
True,0.4217457068858966,0.5782542931141034
True,0.1972307455924606,0.8027692544075393
False,0.958990329415038,0.0410096705849621
False,0.8159028932395453,0.1840971067604546
False,0.7945389198204965,0.2054610801795035
True,0.2001418197403238,0.7998581802596761
True,0.1535482131264323,0.8464517868735677
True,0.3580974723124711,0.6419025276875289
True,0.1527815562818117,0.8472184437181882
True,0.406695877308066,0.593304122691934
True,0.3912003302348442,0.6087996697651558
True,0.189773821845558,0.810226178154442
False,0.8103807603605832,0.1896192396394168
False,0.8670931572799251,0.1329068427200749
False,0.9794534270023942,0.0205465729976057
True,0.2554637785284871,0.7445362214715129
True,0.4073116138787921,0.5926883861212079
True,0.2746785893479946,0.7253214106520054
True,0.3972445498785403,0.6027554501214597
True,0.2362755582751655,0.7637244417248344
False,0.9995199396117088,0.0004800603882912929
True,0.4824210705005635,0.5175789294994365
False,0.6432625869406701,0.3567374130593299
False,0.9232051269468438,0.0767948730531562
True,0.0238548222134181,0.9761451777865818
True,0.1597671571675718,0.8402328428324282
False,0.6479346790722142,0.3520653209277857
False,0.9986786086129912,0.0013213913870086
True,0.011183645421839,0.988816354578161
True,0.5297896479615808,0.4702103520384192
True,0.4632000106044611,0.5367999893955389
False,0.6951872967711865,0.3048127032288135
False,0.8114408227111004,0.1885591772888995
False,0.8484683515399789,0.1515316484600211
True,0.0086754694165319,0.991324530583468
True,0.3373712087418244,0.6626287912581755
False,0.7131159110793249,0.2868840889206751
True,0.2999391352805062,0.7000608647194938
True,0.0099965701851103,0.9900034298148896
False,0.9996256457695816,0.0003743542304183315
True,0.3139724997571761,0.6860275002428239
False,0.9998772406273306,0.0001227593726694132
True,0.2015397641555553,0.7984602358444447
False,0.7699807448527916,0.2300192551472084
False,0.9887610544739712,0.0112389455260287
True,0.0263154248078275,0.9736845751921724
True,0.1630418609874907,0.8369581390125093
False,0.9186833516487388,0.0813166483512611
False,0.7178260144584208,0.2821739855415793
True,0.0065483696582532,0.9934516303417468
True,0.3913876100919766,0.6086123899080234
False,0.969719308235418,0.0302806917645819
True,0.602377184887325,0.3976228151126751
True,0.3705468684961778,0.6294531315038222
True,0.0068714527778986,0.9931285472221012
False,0.8847093250847201,0.1152906749152798
True,0.2490244981190339,0.7509755018809661
True,0.2687160582198206,0.7312839417801794
True,0.4190215300433091,0.5809784699566909
False,0.8722727079444859,0.1277272920555142
True,0.6044062468673207,0.3955937531326793
True,0.3971204321760474,0.6028795678239526
True,0.068478808454005,0.931521191545995
False,0.758938537424205,0.2410614625757949
True,0.423333497499637,0.576666502500363
True,0.4225522503136244,0.5774477496863756
True,0.4665209354104516,0.5334790645895484
False,0.8928140733311407,0.1071859266688592
True,0.3545449029976552,0.6454550970023448
True,0.3217139250967517,0.6782860749032483
True,0.42125075339912,0.57874924660088
False,0.7789621051049012,0.2210378948950989
True,0.3502519895637955,0.6497480104362044
True,0.4108735230137026,0.5891264769862974
False,0.8694981372679716,0.1305018627320283
True,0.2997312707914715,0.7002687292085285
True,0.0549536777767137,0.9450463222232862
False,0.918206377229151,0.0817936227708489
False,0.7113732987274388,0.2886267012725612
False,0.839557752108042,0.160442247891958
False,0.7426939479927928,0.2573060520072072
True,0.0451923566391111,0.9548076433608887
False,0.888918612314617,0.111081387685383
True,0.0089119348558426,0.9910880651441574
False,0.919633312672094,0.080366687327906
True,0.420369645309073,0.5796303546909269
True,0.1691372941981469,0.8308627058018531
True,0.0462202444481163,0.9537797555518835
True,0.3538863564929397,0.6461136435070602
True,0.3228083708618258,0.6771916291381742
False,0.8433039726001973,0.1566960273998027
False,0.7868790449165456,0.2131209550834544
True,0.1758913845771739,0.8241086154228261
False,0.7868162821390127,0.2131837178609873
False,0.8339506683864216,0.1660493316135784
True,0.0567979138493809,0.9432020861506192
True,0.3047472782762078,0.6952527217237922
True,0.3236502994512833,0.6763497005487167
True,0.007202441060344,0.992797558939656
True,0.0483269928953092,0.9516730071046908
True,0.1521474389548358,0.8478525610451642
False,0.9590351118323878,0.0409648881676121
False,0.8361400343349332,0.1638599656650667
True,0.1474337402098853,0.8525662597901147
False,0.90562572331193,0.0943742766880699
True,0.3732537074940628,0.6267462925059372
True,0.5003224791461205,0.4996775208538795
True,0.4436990378660768,0.5563009621339232
False,0.9249175988584472,0.0750824011415527
True,0.3247685410668584,0.6752314589331416
True,0.3837277110517147,0.6162722889482852
False,0.884889203962464,0.115110796037536
True,0.3200728545531057,0.6799271454468943
False,0.995399781970661,0.0046002180293389
False,0.8853754878924994,0.1146245121075005
True,0.2595601526203739,0.7404398473796261
True,0.143806154193669,0.856193845806331
True,0.3341198189538293,0.6658801810461706
False,0.9129565677954672,0.0870434322045328
False,0.6649508262963926,0.3350491737036074
True,0.3836091918420543,0.6163908081579457
True,0.0244343161670811,0.9755656838329188
True,0.1595623205416922,0.8404376794583077
True,0.5972659451208617,0.4027340548791382
False,0.9968649881838636,0.0031350118161365
False,0.8353845726899567,0.1646154273100432
False,0.8814469027895294,0.1185530972104706
True,0.049849539901732,0.950150460098268
False,0.7204044448191762,0.2795955551808237
False,0.6468885212839106,0.3531114787160894
True,0.5591371036660252,0.4408628963339748
True,0.3466824173822476,0.6533175826177524
False,0.8069134842036243,0.1930865157963757
True,0.0299475247848397,0.9700524752151602
True,0.0141204860572752,0.9858795139427248
True,0.1586223165267144,0.8413776834732856
True,0.3432214655607616,0.6567785344392384
True,0.0062984693334218,0.9937015306665782
False,0.9209371907699352,0.0790628092300646
False,0.9061528891169176,0.0938471108830823
True,0.3747910810483795,0.6252089189516205
True,0.3565067316714722,0.6434932683285278
False,0.9132710209373082,0.0867289790626918
True,0.3116817990586191,0.6883182009413809
True,0.3541893302727071,0.6458106697272928
True,0.3239686220653943,0.6760313779346057
False,0.8287587204401824,0.1712412795598176
False,0.6866338478478529,0.3133661521521471
True,0.3983758653487863,0.6016241346512137
True,0.0427984980854413,0.9572015019145588
True,0.3399109808611243,0.6600890191388756
False,0.9995899142298956,0.0004100857701042858
False,0.8402052368411583,0.1597947631588417
False,0.8035917258480315,0.1964082741519685
True,0.0080341809521006,0.9919658190478994
True,0.0729977602940539,0.927002239705946
True,0.3589403066767466,0.6410596933232534
False,0.9578858924627598,0.0421141075372401
False,0.998454065053776,0.0015459349462239
True,0.1399653175752264,0.8600346824247735
False,0.9993921804017276,0.0006078195982722968
True,0.0063830529345763,0.9936169470654236
False,0.7554241879081461,0.2445758120918538
True,0.0262443802907639,0.973755619709236
False,0.9995153516035934,0.0004846483964065556
True,0.5832859646523454,0.4167140353476545
False,0.7273195610655917,0.2726804389344083
True,0.0395249216844301,0.96047507831557
True,0.3463642874239733,0.6536357125760267
True,0.2032492841823503,0.7967507158176497
True,0.4663306554283734,0.5336693445716266
True,0.3310194587974072,0.6689805412025928
True,0.3650936804880024,0.6349063195119976
True,0.3092662647386659,0.6907337352613341
False,0.8667083172985223,0.1332916827014777
True,0.3136129441733318,0.6863870558266681
True,0.0479772894701516,0.9520227105298484
False,0.8107435109084431,0.1892564890915568
False,0.8612771616823562,0.1387228383176438
True,0.0422265133119575,0.9577734866880424
True,0.1483711099831491,0.8516288900168508
False,0.99764895422242,0.0023510457775799
True,0.0207399942011012,0.9792600057988988
False,0.8145620847290924,0.1854379152709076
False,0.8233311183675415,0.1766688816324585
True,0.0924057375471846,0.9075942624528154
True,0.1064005034467173,0.8935994965532826
True,0.1660722312073546,0.8339277687926454
False,0.9936273732151544,0.0063726267848457
True,0.2925507658255135,0.7074492341744865
False,0.7805028588175564,0.2194971411824435
True,0.3183186330018729,0.6816813669981271
False,0.8695271510235364,0.1304728489764636
False,0.962055933227706,0.037944066772294
True,0.1617151663233547,0.8382848336766453
True,0.1288175861023934,0.8711824138976065
True,0.0040975954689292,0.9959024045310708
True,0.1284225447757562,0.8715774552242438
True,0.0572856374860709,0.942714362513929
True,0.0461370081264987,0.9538629918735012
True,0.0964174211236844,0.9035825788763155
True,0.3145562947606047,0.6854437052393952
False,0.6736530167093829,0.326346983290617
True,0.2976532410045764,0.7023467589954235
True,0.0365355805186485,0.9634644194813514
True,0.2946315824553015,0.7053684175446985
True,0.2654891831378658,0.7345108168621342
True,0.2867952930395587,0.7132047069604412
True,0.2928636676197295,0.7071363323802705
False,0.7644402615630981,0.2355597384369019
True,0.0342162320281407,0.9657837679718592
False,0.8871681094118187,0.1128318905881813
False,0.8636382353059253,0.1363617646940746
True,0.5575525473367221,0.4424474526632779
False,0.998850219361892,0.001149780638108
False,0.999657282365656,0.000342717634343917
True,0.1789613845133496,0.8210386154866504
False,0.8802995347382441,0.1197004652617559
True,0.0425920736127162,0.9574079263872838
True,0.488502192757381,0.511497807242619
True,0.0270186931973693,0.9729813068026306
False,0.9985887324629024,0.0014112675370976
True,0.1282826166315043,0.8717173833684957
False,0.8418198835843599,0.1581801164156401
True,0.0259877348445054,0.9740122651554944
False,0.998873689959643,0.001126310040357
False,0.9996351260076078,0.00036487399239213786
False,0.7284307114292057,0.2715692885707943
False,0.8248057150765848,0.1751942849234151
True,0.3616145606865683,0.6383854393134317
False,0.9306200617757096,0.0693799382242904
True,0.1446134150288673,0.8553865849711326
True,0.2750272375900806,0.7249727624099194
False,0.8630857732488338,0.1369142267511661
True,0.5589928906188457,0.4410071093811543
True,0.2825128763986344,0.7174871236013656
False,0.970050571975932,0.0299494280240679
True,0.1568878543666045,0.8431121456333954
True,0.2701071362233216,0.7298928637766784
True,0.2873602979816563,0.7126397020183437
True,0.2782954089540924,0.7217045910459076
False,0.8466550089131001,0.1533449910868999
True,0.2536795416330132,0.7463204583669868
True,0.5069348669016593,0.4930651330983406
True,0.5666434432644112,0.4333565567355888
False,0.6582340784677959,0.3417659215322041
False,0.9158422534421736,0.0841577465578262
False,0.6491765294748291,0.350823470525171
True,0.1306048839636387,0.8693951160363612
True,0.1678104149906211,0.8321895850093789
True,0.404818130600204,0.595181869399796
True,0.1479804202605884,0.8520195797394116
True,0.0461973992233818,0.9538026007766182
False,0.8203227612020076,0.1796772387979923
False,0.6193114625587661,0.3806885374412338
True,0.4250014499108451,0.5749985500891549
True,0.1618282146545844,0.8381717853454156
False,0.9993634413705444,0.0006365586294555287
True,0.0912996677528905,0.9087003322471094
True,0.1314230605085905,0.8685769394914095
True,0.0718614494527909,0.9281385505472092
False,0.8788256443578368,0.1211743556421631
True,0.3080571532246998,0.6919428467753002
False,0.9995481257405602,0.00045187425943978265
False,0.7342089422401545,0.2657910577598454
True,0.1889354726206177,0.8110645273793823
False,0.9014678638272062,0.0985321361727938
True,0.0060356146488291,0.9939643853511708
False,0.8611137044874809,0.138886295512519
False,0.9916598987043204,0.0083401012956795
False,0.7498571979225561,0.2501428020774439
True,0.2296823642152353,0.7703176357847646
False,0.986813705717634,0.0131862942823659
False,0.7170200045350895,0.2829799954649105
False,0.6230524837017087,0.3769475162982912
False,0.9880611738994826,0.0119388261005174
True,0.2254751910288626,0.7745248089711374
False,0.8807959521580777,0.1192040478419223
True,0.1527661701546969,0.847233829845303
True,0.1138480707177859,0.8861519292822141
True,0.2630291002710414,0.7369708997289586
True,0.2457982346837262,0.7542017653162738
False,0.9995296966965266,0.00047030330347343625
False,0.9987373216112287,0.0012626783887711
False,0.8728069831301095,0.1271930168698904
True,0.5534164374022832,0.4465835625977168
False,0.8059394559493944,0.1940605440506055
True,0.5937250465616704,0.4062749534383296
False,0.8864400955556363,0.1135599044443637
False,0.9189057956787664,0.0810942043212337
True,0.2025255775356056,0.7974744224643944
True,0.006670270636231,0.993329729363769
False,0.6356060954000617,0.3643939045999382
True,0.0421082419054916,0.9578917580945084
False,0.9969569818120988,0.0030430181879013
True,0.5095968837700742,0.4904031162299258
True,0.1934878217139753,0.8065121782860246
False,0.7303234797955562,0.2696765202044437
True,0.0465152393112751,0.9534847606887248
True,0.2259014097649674,0.7740985902350326
True,0.0348264065615624,0.9651735934384376
False,0.9823840645327628,0.0176159354672371
False,0.7743178312070003,0.2256821687929997
True,0.1438359931629302,0.8561640068370697
True,0.2847207914960222,0.7152792085039777
True,0.0744302630850238,0.925569736914976
False,0.8591041588449019,0.1408958411550981
True,0.0763528053789029,0.923647194621097
True,0.1337155296626628,0.8662844703373371
False,0.6644016317072758,0.3355983682927241
False,0.7788338949317573,0.2211661050682427
False,0.6912207018994136,0.3087792981005863
False,0.7993666988627012,0.2006333011372988
False,0.7568043309610808,0.2431956690389192
False,0.7336870589928308,0.2663129410071691
True,0.2704008395781142,0.7295991604218858
True,0.0056433694639573,0.9943566305360426
True,0.0048072567526866,0.9951927432473132
False,0.6235808233873308,0.3764191766126692
False,0.867765192024059,0.132234807975941
True,0.0047774477969236,0.9952225522030764
False,0.7557439370688304,0.2442560629311696
True,0.0495083360745901,0.9504916639254098
True,0.2411917858447254,0.7588082141552746
False,0.9232376132004616,0.0767623867995382
True,0.0430007265886824,0.9569992734113176
True,0.0298636286890637,0.9701363713109362
False,0.7374899879853989,0.2625100120146011
True,0.2267054069506761,0.7732945930493239
False,0.6903460270696506,0.3096539729303494
True,0.54716977008326,0.45283022991674
True,0.1271429050636865,0.8728570949363135
True,0.2769767890997269,0.7230232109002731
True,0.126512183815855,0.873487816184145
False,0.949574937612837,0.050425062387163
False,0.6811079268295077,0.3188920731704923
True,0.139730731528588,0.8602692684714119
True,0.1767460808281135,0.8232539191718865
True,0.0514300609884266,0.9485699390115734
False,0.98309908171136,0.0169009182886399
False,0.7631037705870989,0.2368962294129011
False,0.8924492993383994,0.1075507006616005
True,0.428386389092931,0.571613610907069
True,0.2423420452720297,0.7576579547279703
False,0.6788612564333183,0.3211387435666817
False,0.8473074755440003,0.1526925244559997
False,0.8050872873846239,0.1949127126153761
True,0.2427572065698138,0.7572427934301862
False,0.6200843163312946,0.3799156836687054
False,0.9931336741274436,0.0068663258725564
False,0.9843416071012512,0.0156583928987488
True,0.3478339648968676,0.6521660351031324
False,0.8818606608046705,0.1181393391953294
True,0.2738670895940726,0.7261329104059274
True,0.2778683136493058,0.7221316863506941
True,0.4684630400209794,0.5315369599790206
True,0.0005565070431921004,0.999443492956808
True,0.0112668588814406,0.9887331411185594
True,0.1306767434108601,0.8693232565891399
False,0.8160569948264849,0.1839430051735151
False,0.998529196990313,0.001470803009687
False,0.996429102264247,0.0035708977357529
False,0.9692416154097389,0.0307583845902611
True,0.2784124030538306,0.7215875969461694
True,0.006556239090936,0.993443760909064
False,0.6195680432711963,0.3804319567288037
False,0.9993685511264664,0.0006314488735336338
True,0.2347033059405957,0.7652966940594043
True,0.3295709501046666,0.6704290498953334
True,0.0070530880387695,0.9929469119612304
False,0.6316337031216149,0.368366296878385
True,0.1885909356862419,0.811409064313758
False,0.8287422229729788,0.1712577770270211
True,0.1781921696337902,0.8218078303662097
False,0.7266789420546054,0.2733210579453946
False,0.9828793394395692,0.0171206605604306
False,0.8175367344745097,0.1824632655254903
True,0.025770939344428,0.974229060655572
True,0.2521484055520396,0.7478515944479603
False,0.941740488008732,0.058259511991268
True,0.1728596818633209,0.8271403181366791
False,0.8129201808343397,0.1870798191656603
True,0.1308589685115959,0.869141031488404
False,0.96370205303605,0.0362979469639499
True,0.2680608564542625,0.7319391435457375
True,0.2797234621159327,0.7202765378840673
False,0.964368684478932,0.0356313155210681
True,0.0458872723749015,0.9541127276250984
False,0.9692112882912932,0.0307887117087068
False,0.7147545748763541,0.2852454251236459
False,0.9392475820221726,0.0607524179778274
True,0.022187864603389,0.9778121353966108
True,0.0437002747004152,0.9562997252995848
True,0.1460613249535824,0.8539386750464175
True,0.1073654913283762,0.8926345086716237
True,0.2684971868897299,0.7315028131102701
True,0.0044714646946024,0.9955285353053976
False,0.8325384916041232,0.1674615083958768
False,0.7240898465673368,0.2759101534326632
True,0.1870652847754454,0.8129347152245545
True,0.0054830919227095,0.9945169080772904
True,0.1466440337342069,0.853355966265793
True,0.5732330261800993,0.4267669738199007
False,0.9748187892622824,0.0251812107377176
True,0.2555900739911768,0.7444099260088232
False,0.8876251601980477,0.1123748398019522
False,0.9099839857004888,0.090016014299511
True,0.146073004104704,0.853926995895296
False,0.8832836171449489,0.1167163828550511
True,0.2424915057963899,0.7575084942036101
True,0.0521348706665838,0.9478651293334162
False,0.8039198418507606,0.1960801581492394
True,0.2716250863876882,0.7283749136123118
True,0.5806544885443246,0.4193455114556754
True,0.227765677940639,0.7722343220593609
True,0.297319947475169,0.702680052524831
True,0.3006406046329066,0.6993593953670934
False,0.8059594500654712,0.1940405499345288
False,0.9626951543195924,0.0373048456804074
True,0.2021422330723038,0.7978577669276962
True,0.1335595116467798,0.8664404883532202
True,0.1085102190894707,0.8914897809105292
False,0.8943076783186793,0.1056923216813207
True,0.1621238001055356,0.8378761998944644
False,0.996950256565612,0.0030497434343881
False,0.8938060354910212,0.1061939645089787
True,0.0789733782622778,0.9210266217377222
True,0.1153483384643146,0.8846516615356853
True,0.1856071766328105,0.8143928233671894
False,0.9994238521127992,0.0005761478872008077
True,0.3084459189473169,0.6915540810526831
True,0.1317408001173194,0.8682591998826805
False,0.9988986378268816,0.0011013621731183
False,0.9988196628751208,0.0011803371248792
False,0.7730651676248793,0.2269348323751206
True,0.2514478455665676,0.7485521544334324
True,0.2744158321202172,0.7255841678797827
False,0.8760276904800262,0.1239723095199738
False,0.9982619393511684,0.0017380606488315
True,0.6102064974104366,0.3897935025895633
False,0.9997118428671354,0.00028815713286461453
False,0.8686077895217443,0.1313922104782557
False,0.9993837752341748,0.0006162247658250917
True,0.0019302818100921,0.998069718189908
True,0.3846784293709864,0.6153215706290136
True,0.514997546882821,0.4850024531171791
False,0.979628107282974,0.0203718927170261
True,0.3160816898616181,0.6839183101383819
False,0.8186155768399432,0.1813844231600568
True,0.1991144438724711,0.8008855561275289
True,0.1356486224351871,0.8643513775648128
True,0.5010684969001411,0.4989315030998588
False,0.9983219748740522,0.0016780251259478
False,0.989388051862912,0.0106119481370879
True,0.0991336414196129,0.9008663585803872
False,0.9995016190764774,0.0004983809235225786
False,0.9965525283114628,0.0034474716885373
True,0.0066162284807166,0.9933837715192834
True,0.6089853775556138,0.3910146224443863
True,0.2524797594267441,0.7475202405732558
False,0.8264456512897285,0.1735543487102715
True,0.1922952547729666,0.8077047452270334
False,0.7396221297113074,0.2603778702886926
False,0.7279797137319393,0.2720202862680607
True,0.1781836447440915,0.8218163552559085
False,0.9741372385087133,0.0258627614912867
True,0.2439178391991414,0.7560821608008585
True,0.4163232647903168,0.5836767352096832
True,0.1355448765591327,0.8644551234408673
True,0.2517311937713098,0.7482688062286902
False,0.8754761819595875,0.1245238180404124
True,0.038887501651094,0.961112498348906
True,0.090458235896341,0.909541764103659
False,0.7580204392107114,0.2419795607892886
False,0.8285341412138392,0.1714658587861608
True,0.0069539803834914,0.9930460196165084
False,0.8462684716082023,0.1537315283917977
True,0.3646657368059774,0.6353342631940225
True,0.023940900435076,0.976059099564924
True,0.0278251519677518,0.9721748480322482
True,0.2544332978693513,0.7455667021306487
True,0.2013598698206479,0.7986401301793521
True,0.2386225556178692,0.7613774443821307
True,0.3333363286194418,0.6666636713805582
True,0.0481063509040491,0.9518936490959508
True,0.0263202856566212,0.9736797143433789
True,0.0532289397942581,0.946771060205742
False,0.6808192432677198,0.3191807567322801
True,0.2526117027660544,0.7473882972339456
True,0.5920573011812178,0.4079426988187822
True,0.3938222210020227,0.6061777789979773
False,0.8023206934685758,0.1976793065314241
False,0.999553194056975,0.0004468059430250622
True,0.3074055800466905,0.6925944199533095
True,0.3187633429133663,0.6812366570866337
True,0.0411897122180706,0.9588102877819292
True,0.0250377159193473,0.9749622840806528
True,0.4099416290152791,0.5900583709847209
True,0.1982696365306413,0.8017303634693587
False,0.9694235805317954,0.0305764194682045
True,0.3438302092176808,0.6561697907823192
True,0.3333370230804532,0.6666629769195468
True,0.0407781659393132,0.9592218340606868
True,0.3031243415713941,0.6968756584286059
True,0.0404334971142631,0.9595665028857367
True,0.3679240554218254,0.6320759445781746
False,0.8833392941397032,0.1166607058602967
False,0.904448897805236,0.0955511021947638
False,0.8336927393318186,0.1663072606681813
True,0.1908792351467411,0.8091207648532589
True,0.2754457195343585,0.7245542804656415
True,0.2515351862837925,0.7484648137162074
True,0.1307974582338144,0.8692025417661856
True,0.1920114512558436,0.8079885487441564
True,0.3655262325406985,0.6344737674593015
False,0.8380792559057555,0.1619207440942445
True,0.04611926235699,0.95388073764301
False,0.8635349949925142,0.1364650050074858
False,0.9669315551436832,0.0330684448563168
True,0.2115897637922513,0.7884102362077486
False,0.7016325213952668,0.2983674786047333
False,0.6223882653782924,0.3776117346217075
True,0.2320234177383503,0.7679765822616497
True,0.3305770749003528,0.6694229250996472
False,0.8885651901942896,0.1114348098057103
False,0.9509770733654472,0.0490229266345528
True,0.4193527515183602,0.5806472484816397
True,0.0255676304129069,0.974432369587093
True,0.1504485149755389,0.8495514850244611
False,0.8923918213360145,0.1076081786639855
False,0.6754578620195406,0.3245421379804594
False,0.7437758050035008,0.2562241949964992
False,0.9231576417975242,0.0768423582024757
False,0.821562788071187,0.1784372119288129
False,0.891313566503114,0.1086864334968859
True,0.2944541598657877,0.7055458401342123
True,0.5148964702589525,0.4851035297410476
False,0.8460711529527455,0.1539288470472545
False,0.8711827658343434,0.1288172341656565
False,0.983431262435734,0.0165687375642659
False,0.8308615603119189,0.1691384396880811
True,0.4845720234920164,0.5154279765079836
False,0.9988402445817308,0.001159755418269
False,0.7312345683725108,0.2687654316274891
True,0.040066892797697,0.959933107202303
True,0.12529861901179,0.8747013809882099
True,0.0732971718802658,0.926702828119734
True,0.0456218129418363,0.9543781870581636
True,0.0056597469511295,0.9943402530488704
True,0.395591603229127,0.604408396770873
True,0.0419026019875973,0.9580973980124028
True,0.0055728595271188,0.9944271404728812
True,0.5447801711376971,0.4552198288623029
True,0.0290628341510091,0.9709371658489908
True,0.3784834792431386,0.6215165207568614
True,0.1801460486492654,0.8198539513507346
True,0.4882800765687269,0.511719923431273
True,0.2376898000325856,0.7623101999674143
True,0.1410966091165159,0.8589033908834841
False,0.756036696843274,0.2439633031567259
True,0.1997886076441927,0.8002113923558073
True,0.0534183718282973,0.9465816281717028
False,0.8707800189266784,0.1292199810733215
True,0.0379263668211915,0.9620736331788085
False,0.9674749033848336,0.0325250966151664
True,0.3589362574353388,0.6410637425646611
True,0.213367543051864,0.786632456948136
False,0.999859911534952,0.00014008846504788994
False,0.6988521389507057,0.3011478610492942
False,0.9987371569118108,0.0012628430881891
True,0.1342591192954945,0.8657408807045055
True,0.2073443713245594,0.7926556286754406
False,0.8032033065741493,0.1967966934258507
True,0.006208313519966,0.993791686480034
True,0.0059775845697882,0.9940224154302116
False,0.9376656209067112,0.0623343790932888
True,0.0059762851381469,0.994023714861853
True,0.0032026824399437,0.9967973175600564
True,0.2220779855632849,0.777922014436715
False,0.8994587932990799,0.1005412067009201
True,0.2963708390035948,0.7036291609964052
True,0.0055857488150605,0.9944142511849394
True,0.1498750521080238,0.8501249478919761
True,0.3387962659377077,0.6612037340622923
False,0.999498559576596,0.0005014404234039055
False,0.947687160224474,0.052312839775526
True,0.146183906311024,0.8538160936889759
True,0.0216325872912958,0.9783674127087042
True,0.5828649942120276,0.4171350057879724
True,0.004930177370659,0.995069822629341
True,0.0536916126694436,0.9463083873305564
False,0.6523747366603035,0.3476252633396964
True,0.2644503439184704,0.7355496560815296
False,0.8839764441907364,0.1160235558092636
True,0.0405909490716869,0.9594090509283132
False,0.8918604722747845,0.1081395277252154
True,0.0367804109998647,0.9632195890001352
True,0.5824517480573221,0.4175482519426779
False,0.631767442696931,0.368232557303069
False,0.9046021456715724,0.0953978543284275
False,0.9142732325349908,0.0857267674650092
False,0.9530279084837636,0.0469720915162365
True,0.3825875824723356,0.6174124175276644
False,0.9997860446361416,0.000213955363858452
True,0.1396867066016007,0.8603132933983992
False,0.9135013885510448,0.086498611448955
False,0.8000114340720499,0.19998856592795
False,0.6203829735244959,0.3796170264755041
False,0.888678297373574,0.111321702626426
True,0.1521083740750588,0.8478916259249412
False,0.7900232462081541,0.2099767537918458
False,0.8417647732739291,0.1582352267260709
False,0.9249345666262452,0.0750654333737548
True,0.0060209054690071,0.9939790945309928
False,0.7575752237684061,0.2424247762315938
True,0.2379465741308029,0.7620534258691971
False,0.9609569862525426,0.0390430137474574
False,0.6886897787899137,0.3113102212100863
True,0.0202722642949785,0.9797277357050216
True,0.2011109256519242,0.7988890743480758
True,0.2250364954492479,0.774963504550752
True,0.005445019404958,0.994554980595042
True,0.4162273634413579,0.5837726365586421
True,0.4584781232949055,0.5415218767050944
True,0.4865701432636333,0.5134298567363667
False,0.999790991392989,0.00020900860701105465
True,0.5472493887925582,0.4527506112074417
False,0.9740599846654312,0.0259400153345688
True,0.0923235276072633,0.9076764723927366
False,0.9759969498772396,0.0240030501227603
False,0.8749565064147566,0.1250434935852433
True,0.1734162680244533,0.8265837319755467
False,0.7694952842155458,0.2305047157844542
True,0.3648279983580007,0.6351720016419993
False,0.9897980916148268,0.0102019083851733
True,0.4915298406128051,0.5084701593871949
True,0.4576728026621826,0.5423271973378174
True,0.0382501731881714,0.9617498268118284
True,0.0068140825192634,0.9931859174807366
False,0.8367124640256797,0.1632875359743203
True,0.4173809689839862,0.5826190310160138
True,0.1799292710374977,0.8200707289625022
True,0.0032772055538001,0.9967227944461998
True,0.2747193729065065,0.7252806270934935
True,0.1708120481574981,0.8291879518425018
True,0.2257002273412938,0.7742997726587062
True,0.2387021797398961,0.7612978202601038
True,0.0382575332023774,0.9617424667976224
True,0.1939780284204763,0.8060219715795237
True,0.4375049685970439,0.5624950314029561
True,0.345205459982786,0.6547945400172139
True,0.4967827685388469,0.503217231461153
True,0.1311102894576188,0.8688897105423812
False,0.9925420915386834,0.0074579084613165
False,0.9288538896399116,0.0711461103600884
False,0.9471247036085332,0.0528752963914669
False,0.8554330842575097,0.1445669157424902
False,0.9098331844221615,0.0901668155778384
True,0.4940370316671265,0.5059629683328735
True,0.1374488685693681,0.8625511314306319
True,0.2034573122126641,0.7965426877873358
True,0.1590019194448002,0.8409980805551998
True,0.0059943757391855,0.9940056242608144
True,0.3127982644253926,0.6872017355746074
True,0.3968461687612402,0.6031538312387598
True,0.1726988170720147,0.8273011829279853
True,0.413232514568412,0.586767485431588
False,0.9739431849354204,0.0260568150645796
False,0.7754042526918666,0.2245957473081333
False,0.9150409435487804,0.0849590564512195
False,0.8737791797024718,0.1262208202975282
True,0.4558087847835559,0.5441912152164441
True,0.0447794055498886,0.9552205944501112
False,0.9056586275001788,0.0943413724998213
False,0.7416618501475731,0.2583381498524268
False,0.941500289089321,0.0584997109106789
False,0.9527347901197624,0.0472652098802375
True,0.2414289483603121,0.7585710516396879
False,0.93848553839363,0.0615144616063699
True,0.4015692110296113,0.5984307889703887
False,0.8325535162834593,0.1674464837165407
True,0.1034430069579953,0.8965569930420046
False,0.9998395395820538,0.00016046041794613212
True,0.1718390342438256,0.8281609657561744
True,0.5591119871055545,0.4408880128944454
True,0.3593477981994724,0.6406522018005276
True,0.1291554124284697,0.8708445875715303
False,0.8613800585795877,0.1386199414204123
False,0.9961766115063428,0.0038233884936572
False,0.7399646539973415,0.2600353460026586
False,0.9942000451190408,0.0057999548809593
True,0.4951762955957816,0.5048237044042184
False,0.9989926498481344,0.0010073501518655
False,0.9068557978835848,0.0931442021164151
True,0.2505414538689233,0.7494585461310767
True,0.2067956291485383,0.7932043708514617
False,0.9424914624731348,0.0575085375268651
False,0.8548742045563982,0.1451257954436017
True,0.0259819537030482,0.9740180462969518
True,0.02635155887806,0.97364844112194
False,0.8952973259631227,0.1047026740368772
True,0.1334248059131145,0.8665751940868854
False,0.8091234256162982,0.1908765743837017
False,0.9978723070573942,0.0021276929426058
False,0.994596676114161,0.0054033238858389
True,0.4851330249881828,0.5148669750118172
True,0.0115392907018048,0.9884607092981952
False,0.9989461378134564,0.0010538621865437
False,0.999631750778466,0.0003682492215338611
False,0.9037154961926877,0.0962845038073123
True,0.1755033745269363,0.8244966254730637
False,0.8655305418789381,0.1344694581210618
True,0.0618357985314385,0.9381642014685616
False,0.8250612334962858,0.1749387665037142
True,0.4265298020351342,0.5734701979648658
False,0.9732995984592108,0.0267004015407892
True,0.1355673809541598,0.8644326190458401
True,0.1861623119309419,0.8138376880690581
True,0.0386467359499069,0.961353264050093
True,0.0057661590597697,0.9942338409402304
True,0.1857567578648379,0.8142432421351621
True,0.0066987696937735,0.9933012303062264
True,0.2200360771084044,0.7799639228915956
True,0.4283010525537454,0.5716989474462546
False,0.9800663854913464,0.0199336145086534
True,0.0321172312235736,0.9678827687764264
True,0.5054123092105625,0.4945876907894375
False,0.9992778671693028,0.0007221328306970703
True,0.0916760130638485,0.9083239869361516
False,0.9892693435549692,0.0107306564450306
True,0.0481961951976727,0.9518038048023272
True,0.2867012156439559,0.7132987843560441
False,0.8835925653785641,0.1164074346214358
False,0.8176320226631028,0.1823679773368972
True,0.1296899034221701,0.8703100965778299
False,0.7718789227297359,0.2281210772702641
False,0.9930816620673129,0.0069183379326871
False,0.9650441296200692,0.0349558703799307
False,0.9157169118750365,0.0842830881249636
True,0.4526349548133761,0.5473650451866239
True,0.1806990144616758,0.8193009855383242
False,0.7009806006683039,0.2990193993316961
False,0.9108882702258824,0.0891117297741177
False,0.8670614516030509,0.1329385483969491
True,0.2603912979426453,0.7396087020573546
True,0.1479350329383501,0.8520649670616499
True,0.5163984788997864,0.4836015211002136
True,0.260932873520262,0.7390671264797379
True,0.0054772324197195,0.9945227675802804
False,0.9996910708594328,0.00030892914056738764
True,0.4639749657320499,0.5360250342679501
False,0.645113461193384,0.354886538806616
True,0.1687763147740608,0.8312236852259391
True,0.4442182159987035,0.5557817840012965
False,0.92024269608646,0.0797573039135399
True,0.369913844040082,0.630086155959918
False,0.9993589346455164,0.0006410653544836839
True,0.0388310819465297,0.9611689180534704
False,0.8350053194880646,0.1649946805119354
True,0.0055802538126957,0.9944197461873042
True,0.1664472991299999,0.8335527008700001
False,0.9402068523542944,0.0597931476457055
True,0.1558524445684945,0.8441475554315054
False,0.9997839273793344,0.00021607262066569195
False,0.7778377336976039,0.2221622663023961
False,0.9468985330695152,0.0531014669304847
True,0.4330614097182542,0.5669385902817458
True,0.0374387989119535,0.9625612010880464
False,0.8316070183945455,0.1683929816054544
True,0.2075523498592159,0.7924476501407841
False,0.8651341178825156,0.1348658821174844
False,0.8865784713888923,0.1134215286111076
True,0.3207529242351148,0.6792470757648852
False,0.9879662167491112,0.0120337832508886
True,0.3656424277991703,0.6343575722008297
True,0.0050351220478676,0.9949648779521324
False,0.8932100794633838,0.1067899205366161
False,0.8954942530193755,0.1045057469806245
True,0.1166218047041894,0.8833781952958105
True,0.0384696306936542,0.9615303693063456
True,0.0960001083678033,0.9039998916321966
False,0.9997360354893436,0.0002639645106564882
False,0.8671209270136256,0.1328790729863743
True,0.3489788203016415,0.6510211796983585
False,0.6777336999794561,0.3222663000205439
True,0.2406803572757969,0.759319642724203
True,0.4643948754893841,0.5356051245106159
True,0.5114488025701726,0.4885511974298274
False,0.7492127199387808,0.2507872800612192
True,0.1590133839188001,0.8409866160811998
True,0.4222425030016492,0.5777574969983508
True,0.3554413237104217,0.6445586762895783
False,0.9434071300365772,0.0565928699634226
False,0.6730488185536136,0.3269511814463863
True,0.0382097899612835,0.9617902100387165
False,0.9585554934987014,0.0414445065012985
True,0.4771076277285856,0.5228923722714144
False,0.8122160067199496,0.1877839932800503
True,0.4348846646561345,0.5651153353438655
False,0.6497548609511228,0.3502451390488771
False,0.9960268780827796,0.0039731219172202
True,0.1305521769120532,0.8694478230879468
True,0.4900892643420471,0.5099107356579529
True,0.5235744879168479,0.4764255120831521
True,0.3597615762787773,0.6402384237212226
False,0.9193128068919488,0.0806871931080512
True,0.4516339502396845,0.5483660497603154
False,0.8166901342804549,0.1833098657195451
True,0.0220251088056183,0.9779748911943816
False,0.969914027914084,0.0300859720859161
True,0.44310246040657,0.55689753959343
True,0.2113657904396709,0.788634209560329
True,0.3286898132110437,0.6713101867889563
False,0.9955216179950012,0.0044783820049988
